Apricot,321_100.jpg
Apricot,322_100.jpg
Apricot,323_100.jpg
Apricot,324_100.jpg
Apricot,325_100.jpg
Apricot,326_100.jpg
Apricot,327_100.jpg
Apricot,32_100.jpg
Apricot,33_100.jpg
Apricot,34_100.jpg
Apricot,35_100.jpg
Apricot,36_100.jpg
Apricot,37_100.jpg
Apricot,38_100.jpg
Apricot,39_100.jpg
Apricot,3_100.jpg
Apricot,40_100.jpg
Apricot,41_100.jpg
Apricot,42_100.jpg
Apricot,44_100.jpg
Apricot,45_100.jpg
Apricot,46_100.jpg
Apricot,47_100.jpg
Apricot,48_100.jpg
Apricot,49_100.jpg
Apricot,4_100.jpg
Apricot,50_100.jpg
Apricot,51_100.jpg
Apricot,52_100.jpg
Apricot,53_100.jpg
Apricot,54_100.jpg
Apricot,55_100.jpg
Apricot,56_100.jpg
Apricot,57_100.jpg
Apricot,58_100.jpg
Apricot,59_100.jpg
Apricot,5_100.jpg
Apricot,60_100.jpg
Apricot,62_100.jpg
Apricot,63_100.jpg
Apricot,64_100.jpg
Apricot,65_100.jpg
Apricot,66_100.jpg
Apricot,67_100.jpg
Apricot,68_100.jpg
Apricot,69_100.jpg
Apricot,6_100.jpg
Apricot,70_100.jpg
Apricot,71_100.jpg
Apricot,72_100.jpg
Apricot,73_100.jpg
Apricot,74_100.jpg
Apricot,75_100.jpg
Apricot,76_100.jpg
Apricot,77_100.jpg
Apricot,78_100.jpg
Apricot,79_100.jpg
Apricot,80_100.jpg
Apricot,81_100.jpg
Apricot,82_100.jpg
Apricot,83_100.jpg
Apricot,84_100.jpg
Apricot,85_100.jpg
Apricot,86_100.jpg
Apricot,87_100.jpg
Apricot,88_100.jpg
Apricot,89_100.jpg
Apricot,8_100.jpg
Apricot,90_100.jpg
Apricot,91_100.jpg
Apricot,92_100.jpg
Apricot,93_100.jpg
Apricot,94_100.jpg
Apricot,95_100.jpg
Apricot,96_100.jpg
Apricot,98_100.jpg
Apricot,99_100.jpg
Apricot,9_100.jpg
Apricot,r_321_100.jpg
Apricot,r_322_100.jpg
Apricot,r_323_100.jpg
Apricot,r_324_100.jpg
Apricot,r_325_100.jpg
Apricot,r_326_100.jpg
Apricot,r_327_100.jpg
Apricot,r_32_100.jpg
Apricot,r_33_100.jpg
Apricot,r_34_100.jpg
Apricot,r_35_100.jpg
Apricot,r_36_100.jpg
Apricot,r_37_100.jpg
Apricot,r_38_100.jpg
Apricot,r_39_100.jpg
Apricot,43_100.jpg
Apricot,61_100.jpg
Apricot,7_100.jpg
Apricot,97_100.jpg
Apricot,r_3_100.jpg
Apricot,r_57_100.jpg
Apricot,r_74_100.jpg
Apricot,r_40_100.jpg
Apricot,r_41_100.jpg
Apricot,r_42_100.jpg
Apricot,r_43_100.jpg
Apricot,r_44_100.jpg
Apricot,r_45_100.jpg
Apricot,r_46_100.jpg
Apricot,r_47_100.jpg
Apricot,r_48_100.jpg
Apricot,r_49_100.jpg
Apricot,r_4_100.jpg
Apricot,r_50_100.jpg
Apricot,r_51_100.jpg
Apricot,r_52_100.jpg
Apricot,r_53_100.jpg
Apricot,r_54_100.jpg
Apricot,r_55_100.jpg
Apricot,r_56_100.jpg
Apricot,r_58_100.jpg
Apricot,r_59_100.jpg
Apricot,r_5_100.jpg
Apricot,r_60_100.jpg
Apricot,r_61_100.jpg
Apricot,r_62_100.jpg
Apricot,r_63_100.jpg
Apricot,r_64_100.jpg
Apricot,r_65_100.jpg
Apricot,r_66_100.jpg
Apricot,r_67_100.jpg
Apricot,r_68_100.jpg
Apricot,r_69_100.jpg
Apricot,r_6_100.jpg
Apricot,r_70_100.jpg
Apricot,r_71_100.jpg
Apricot,r_72_100.jpg
Apricot,r_73_100.jpg
Apricot,r_75_100.jpg
Apricot,r_76_100.jpg
Apricot,r_77_100.jpg
Apricot,r_78_100.jpg
Apricot,r_79_100.jpg
Apricot,r_7_100.jpg
Apricot,r_80_100.jpg
Apricot,r_81_100.jpg
Apricot,r_82_100.jpg
Apricot,r_83_100.jpg
Apricot,r_84_100.jpg
Apricot,r_85_100.jpg
Apricot,r_86_100.jpg
Apricot,r_87_100.jpg
Apricot,r_88_100.jpg
Apricot,r_89_100.jpg
Apricot,r_8_100.jpg
Apricot,r_90_100.jpg
Apricot,r_91_100.jpg
Apricot,r_92_100.jpg
Apricot,r_93_100.jpg
Apricot,r_94_100.jpg
Apricot,r_95_100.jpg
Apricot,r_96_100.jpg
Apricot,r_97_100.jpg
Apricot,r_98_100.jpg
Apricot,r_99_100.jpg
Apricot,r_9_100.jpg
