fruit name,file name
Apple Braeburn,321_100.jpg
Apple Braeburn,322_100.jpg
Apple Braeburn,323_100.jpg
Apple Braeburn,324_100.jpg
Apple Braeburn,325_100.jpg
Apple Braeburn,326_100.jpg
Apple Braeburn,327_100.jpg
Apple Braeburn,32_100.jpg
Apple Braeburn,33_100.jpg
Apple Braeburn,34_100.jpg
Apple Braeburn,35_100.jpg
Apple Braeburn,36_100.jpg
Apple Braeburn,37_100.jpg
Apple Braeburn,38_100.jpg
Apple Braeburn,39_100.jpg
Apple Braeburn,3_100.jpg
Apple Braeburn,40_100.jpg
Apple Braeburn,41_100.jpg
Apple Braeburn,42_100.jpg
Apple Braeburn,44_100.jpg
Apple Braeburn,45_100.jpg
Apple Braeburn,46_100.jpg
Apple Braeburn,47_100.jpg
Apple Braeburn,48_100.jpg
Apple Braeburn,49_100.jpg
Apple Braeburn,4_100.jpg
Apple Braeburn,50_100.jpg
Apple Braeburn,51_100.jpg
Apple Braeburn,52_100.jpg
Apple Braeburn,53_100.jpg
Apple Braeburn,54_100.jpg
Apple Braeburn,55_100.jpg
Apple Braeburn,56_100.jpg
Apple Braeburn,57_100.jpg
Apple Braeburn,58_100.jpg
Apple Braeburn,59_100.jpg
Apple Braeburn,5_100.jpg
Apple Braeburn,60_100.jpg
Apple Braeburn,62_100.jpg
Apple Braeburn,63_100.jpg
Apple Braeburn,64_100.jpg
Apple Braeburn,65_100.jpg
Apple Braeburn,66_100.jpg
Apple Braeburn,67_100.jpg
Apple Braeburn,68_100.jpg
Apple Braeburn,69_100.jpg
Apple Braeburn,6_100.jpg
Apple Braeburn,70_100.jpg
Apple Braeburn,71_100.jpg
Apple Braeburn,72_100.jpg
Apple Braeburn,73_100.jpg
Apple Braeburn,74_100.jpg
Apple Braeburn,75_100.jpg
Apple Braeburn,76_100.jpg
Apple Braeburn,77_100.jpg
Apple Braeburn,78_100.jpg
Apple Braeburn,79_100.jpg
Apple Braeburn,80_100.jpg
Apple Braeburn,81_100.jpg
Apple Braeburn,82_100.jpg
Apple Braeburn,83_100.jpg
Apple Braeburn,84_100.jpg
Apple Braeburn,85_100.jpg
Apple Braeburn,86_100.jpg
Apple Braeburn,87_100.jpg
Apple Braeburn,88_100.jpg
Apple Braeburn,89_100.jpg
Apple Braeburn,8_100.jpg
Apple Braeburn,90_100.jpg
Apple Braeburn,91_100.jpg
Apple Braeburn,92_100.jpg
Apple Braeburn,93_100.jpg
Apple Braeburn,94_100.jpg
Apple Braeburn,95_100.jpg
Apple Braeburn,96_100.jpg
Apple Braeburn,98_100.jpg
Apple Braeburn,99_100.jpg
Apple Braeburn,9_100.jpg
Apple Braeburn,r_321_100.jpg
Apple Braeburn,r_322_100.jpg
Apple Braeburn,r_323_100.jpg
Apple Braeburn,r_324_100.jpg
Apple Braeburn,r_325_100.jpg
Apple Braeburn,r_326_100.jpg
Apple Braeburn,r_327_100.jpg
Apple Braeburn,r_32_100.jpg
Apple Braeburn,r_33_100.jpg
Apple Braeburn,r_34_100.jpg
Apple Braeburn,r_35_100.jpg
Apple Braeburn,r_36_100.jpg
Apple Braeburn,r_37_100.jpg
Apple Braeburn,r_38_100.jpg
Apple Braeburn,r_39_100.jpg
Apple Braeburn,43_100.jpg
Apple Braeburn,61_100.jpg
Apple Braeburn,7_100.jpg
Apple Braeburn,97_100.jpg
Apple Braeburn,r_3_100.jpg
Apple Braeburn,r_57_100.jpg
Apple Braeburn,r_74_100.jpg
Apple Braeburn,r_40_100.jpg
Apple Braeburn,r_41_100.jpg
Apple Braeburn,r_42_100.jpg
Apple Braeburn,r_43_100.jpg
Apple Braeburn,r_44_100.jpg
Apple Braeburn,r_45_100.jpg
Apple Braeburn,r_46_100.jpg
Apple Braeburn,r_47_100.jpg
Apple Braeburn,r_48_100.jpg
Apple Braeburn,r_49_100.jpg
Apple Braeburn,r_4_100.jpg
Apple Braeburn,r_50_100.jpg
Apple Braeburn,r_51_100.jpg
Apple Braeburn,r_52_100.jpg
Apple Braeburn,r_53_100.jpg
Apple Braeburn,r_54_100.jpg
Apple Braeburn,r_55_100.jpg
Apple Braeburn,r_56_100.jpg
Apple Braeburn,r_58_100.jpg
Apple Braeburn,r_59_100.jpg
Apple Braeburn,r_5_100.jpg
Apple Braeburn,r_60_100.jpg
Apple Braeburn,r_61_100.jpg
Apple Braeburn,r_62_100.jpg
Apple Braeburn,r_63_100.jpg
Apple Braeburn,r_64_100.jpg
Apple Braeburn,r_65_100.jpg
Apple Braeburn,r_66_100.jpg
Apple Braeburn,r_67_100.jpg
Apple Braeburn,r_68_100.jpg
Apple Braeburn,r_69_100.jpg
Apple Braeburn,r_6_100.jpg
Apple Braeburn,r_70_100.jpg
Apple Braeburn,r_71_100.jpg
Apple Braeburn,r_72_100.jpg
Apple Braeburn,r_73_100.jpg
Apple Braeburn,r_75_100.jpg
Apple Braeburn,r_76_100.jpg
Apple Braeburn,r_77_100.jpg
Apple Braeburn,r_78_100.jpg
Apple Braeburn,r_79_100.jpg
Apple Braeburn,r_7_100.jpg
Apple Braeburn,r_80_100.jpg
Apple Braeburn,r_81_100.jpg
Apple Braeburn,r_82_100.jpg
Apple Braeburn,r_83_100.jpg
Apple Braeburn,r_84_100.jpg
Apple Braeburn,r_85_100.jpg
Apple Braeburn,r_86_100.jpg
Apple Braeburn,r_87_100.jpg
Apple Braeburn,r_88_100.jpg
Apple Braeburn,r_89_100.jpg
Apple Braeburn,r_8_100.jpg
Apple Braeburn,r_90_100.jpg
Apple Braeburn,r_91_100.jpg
Apple Braeburn,r_92_100.jpg
Apple Braeburn,r_93_100.jpg
Apple Braeburn,r_94_100.jpg
Apple Braeburn,r_95_100.jpg
Apple Braeburn,r_96_100.jpg
Apple Braeburn,r_97_100.jpg
Apple Braeburn,r_98_100.jpg
Apple Braeburn,r_99_100.jpg
Apple Braeburn,r_9_100.jpg
Apricot,321_100.jpg
Apricot,322_100.jpg
Apricot,323_100.jpg
Apricot,324_100.jpg
Apricot,325_100.jpg
Apricot,326_100.jpg
Apricot,327_100.jpg
Apricot,32_100.jpg
Apricot,33_100.jpg
Apricot,34_100.jpg
Apricot,35_100.jpg
Apricot,36_100.jpg
Apricot,37_100.jpg
Apricot,38_100.jpg
Apricot,39_100.jpg
Apricot,3_100.jpg
Apricot,40_100.jpg
Apricot,41_100.jpg
Apricot,42_100.jpg
Apricot,44_100.jpg
Apricot,45_100.jpg
Apricot,46_100.jpg
Apricot,47_100.jpg
Apricot,48_100.jpg
Apricot,49_100.jpg
Apricot,4_100.jpg
Apricot,50_100.jpg
Apricot,51_100.jpg
Apricot,52_100.jpg
Apricot,53_100.jpg
Apricot,54_100.jpg
Apricot,55_100.jpg
Apricot,56_100.jpg
Apricot,57_100.jpg
Apricot,58_100.jpg
Apricot,59_100.jpg
Apricot,5_100.jpg
Apricot,60_100.jpg
Apricot,62_100.jpg
Apricot,63_100.jpg
Apricot,64_100.jpg
Apricot,65_100.jpg
Apricot,66_100.jpg
Apricot,67_100.jpg
Apricot,68_100.jpg
Apricot,69_100.jpg
Apricot,6_100.jpg
Apricot,70_100.jpg
Apricot,71_100.jpg
Apricot,72_100.jpg
Apricot,73_100.jpg
Apricot,74_100.jpg
Apricot,75_100.jpg
Apricot,76_100.jpg
Apricot,77_100.jpg
Apricot,78_100.jpg
Apricot,79_100.jpg
Apricot,80_100.jpg
Apricot,81_100.jpg
Apricot,82_100.jpg
Apricot,83_100.jpg
Apricot,84_100.jpg
Apricot,85_100.jpg
Apricot,86_100.jpg
Apricot,87_100.jpg
Apricot,88_100.jpg
Apricot,89_100.jpg
Apricot,8_100.jpg
Apricot,90_100.jpg
Apricot,91_100.jpg
Apricot,92_100.jpg
Apricot,93_100.jpg
Apricot,94_100.jpg
Apricot,95_100.jpg
Apricot,96_100.jpg
Apricot,98_100.jpg
Apricot,99_100.jpg
Apricot,9_100.jpg
Apricot,r_321_100.jpg
Apricot,r_322_100.jpg
Apricot,r_323_100.jpg
Apricot,r_324_100.jpg
Apricot,r_325_100.jpg
Apricot,r_326_100.jpg
Apricot,r_327_100.jpg
Apricot,r_32_100.jpg
Apricot,r_33_100.jpg
Apricot,r_34_100.jpg
Apricot,r_35_100.jpg
Apricot,r_36_100.jpg
Apricot,r_37_100.jpg
Apricot,r_38_100.jpg
Apricot,r_39_100.jpg
Apricot,43_100.jpg
Apricot,61_100.jpg
Apricot,7_100.jpg
Apricot,97_100.jpg
Apricot,r_3_100.jpg
Apricot,r_57_100.jpg
Apricot,r_74_100.jpg
Apricot,r_40_100.jpg
Apricot,r_41_100.jpg
Apricot,r_42_100.jpg
Apricot,r_43_100.jpg
Apricot,r_44_100.jpg
Apricot,r_45_100.jpg
Apricot,r_46_100.jpg
Apricot,r_47_100.jpg
Apricot,r_48_100.jpg
Apricot,r_49_100.jpg
Apricot,r_4_100.jpg
Apricot,r_50_100.jpg
Apricot,r_51_100.jpg
Apricot,r_52_100.jpg
Apricot,r_53_100.jpg
Apricot,r_54_100.jpg
Apricot,r_55_100.jpg
Apricot,r_56_100.jpg
Apricot,r_58_100.jpg
Apricot,r_59_100.jpg
Apricot,r_5_100.jpg
Apricot,r_60_100.jpg
Apricot,r_61_100.jpg
Apricot,r_62_100.jpg
Apricot,r_63_100.jpg
Apricot,r_64_100.jpg
Apricot,r_65_100.jpg
Apricot,r_66_100.jpg
Apricot,r_67_100.jpg
Apricot,r_68_100.jpg
Apricot,r_69_100.jpg
Apricot,r_6_100.jpg
Apricot,r_70_100.jpg
Apricot,r_71_100.jpg
Apricot,r_72_100.jpg
Apricot,r_73_100.jpg
Apricot,r_75_100.jpg
Apricot,r_76_100.jpg
Apricot,r_77_100.jpg
Apricot,r_78_100.jpg
Apricot,r_79_100.jpg
Apricot,r_7_100.jpg
Apricot,r_80_100.jpg
Apricot,r_81_100.jpg
Apricot,r_82_100.jpg
Apricot,r_83_100.jpg
Apricot,r_84_100.jpg
Apricot,r_85_100.jpg
Apricot,r_86_100.jpg
Apricot,r_87_100.jpg
Apricot,r_88_100.jpg
Apricot,r_89_100.jpg
Apricot,r_8_100.jpg
Apricot,r_90_100.jpg
Apricot,r_91_100.jpg
Apricot,r_92_100.jpg
Apricot,r_93_100.jpg
Apricot,r_94_100.jpg
Apricot,r_95_100.jpg
Apricot,r_96_100.jpg
Apricot,r_97_100.jpg
Apricot,r_98_100.jpg
Apricot,r_99_100.jpg
Apricot,r_9_100.jpg
Avocado,45_100.jpg
Avocado,46_100.jpg
Avocado,47_100.jpg
Avocado,48_100.jpg
Avocado,49_100.jpg
Avocado,4_100.jpg
Avocado,50_100.jpg
Avocado,51_100.jpg
Avocado,52_100.jpg
Avocado,53_100.jpg
Avocado,54_100.jpg
Avocado,55_100.jpg
Avocado,56_100.jpg
Avocado,57_100.jpg
Avocado,58_100.jpg
Avocado,59_100.jpg
Avocado,5_100.jpg
Avocado,60_100.jpg
Avocado,61_100.jpg
Avocado,63_100.jpg
Avocado,64_100.jpg
Avocado,65_100.jpg
Avocado,66_100.jpg
Avocado,67_100.jpg
Avocado,68_100.jpg
Avocado,69_100.jpg
Avocado,6_100.jpg
Avocado,70_100.jpg
Avocado,71_100.jpg
Avocado,72_100.jpg
Avocado,73_100.jpg
Avocado,74_100.jpg
Avocado,75_100.jpg
Avocado,76_100.jpg
Avocado,77_100.jpg
Avocado,78_100.jpg
Avocado,79_100.jpg
Avocado,7_100.jpg
Avocado,81_100.jpg
Avocado,82_100.jpg
Avocado,83_100.jpg
Avocado,84_100.jpg
Avocado,85_100.jpg
Avocado,86_100.jpg
Avocado,87_100.jpg
Avocado,88_100.jpg
Avocado,89_100.jpg
Avocado,8_100.jpg
Avocado,90_100.jpg
Avocado,91_100.jpg
Avocado,92_100.jpg
Avocado,93_100.jpg
Avocado,94_100.jpg
Avocado,95_100.jpg
Avocado,96_100.jpg
Avocado,97_100.jpg
Avocado,99_100.jpg
Avocado,9_100.jpg
Avocado,r_321_100.jpg
Avocado,r_322_100.jpg
Avocado,r_323_100.jpg
Avocado,r_324_100.jpg
Avocado,r_325_100.jpg
Avocado,r_326_100.jpg
Avocado,r_327_100.jpg
Avocado,r_32_100.jpg
Avocado,r_33_100.jpg
Avocado,r_34_100.jpg
Avocado,r_35_100.jpg
Avocado,r_36_100.jpg
Avocado,r_37_100.jpg
Avocado,r_38_100.jpg
Avocado,r_39_100.jpg
Avocado,r_3_100.jpg
Avocado,r_41_100.jpg
Avocado,r_42_100.jpg
Avocado,r_43_100.jpg
Avocado,r_44_100.jpg
Avocado,r_45_100.jpg
Avocado,r_46_100.jpg
Avocado,r_47_100.jpg
Avocado,r_48_100.jpg
Avocado,r_49_100.jpg
Avocado,r_4_100.jpg
Avocado,r_50_100.jpg
Avocado,r_51_100.jpg
Avocado,r_52_100.jpg
Avocado,r_53_100.jpg
Avocado,r_54_100.jpg
Avocado,r_55_100.jpg
Avocado,r_56_100.jpg
Avocado,r_57_100.jpg
Avocado,62_100.jpg
Avocado,80_100.jpg
Avocado,98_100.jpg
Avocado,r_40_100.jpg
Avocado,r_58_100.jpg
Avocado,r_75_100.jpg
Avocado,r_59_100.jpg
Avocado,r_5_100.jpg
Avocado,r_60_100.jpg
Avocado,r_61_100.jpg
Avocado,r_62_100.jpg
Avocado,r_63_100.jpg
Avocado,r_64_100.jpg
Avocado,r_65_100.jpg
Avocado,r_66_100.jpg
Avocado,r_67_100.jpg
Avocado,r_68_100.jpg
Avocado,r_69_100.jpg
Avocado,r_6_100.jpg
Avocado,r_70_100.jpg
Avocado,r_71_100.jpg
Avocado,r_72_100.jpg
Avocado,r_73_100.jpg
Avocado,r_74_100.jpg
Avocado,r_76_100.jpg
Avocado,r_77_100.jpg
Avocado,r_78_100.jpg
Avocado,r_79_100.jpg
Avocado,r_7_100.jpg
Avocado,r_80_100.jpg
Avocado,r_81_100.jpg
Avocado,r_82_100.jpg
Avocado,r_83_100.jpg
Avocado,r_84_100.jpg
Avocado,r_85_100.jpg
Avocado,r_86_100.jpg
Avocado,r_87_100.jpg
Avocado,r_88_100.jpg
Avocado,r_89_100.jpg
Avocado,r_8_100.jpg
Avocado,r_90_100.jpg
Avocado,r_91_100.jpg
Avocado,r_92_100.jpg
Avocado,r_93_100.jpg
Avocado,r_94_100.jpg
Avocado,r_95_100.jpg
Avocado,r_96_100.jpg
Avocado,r_97_100.jpg
Avocado,r_98_100.jpg
Avocado,r_99_100.jpg
Avocado,r_9_100.jpg
Banana,100_100.jpg
Banana,101_100.jpg
Banana,102_100.jpg
Banana,103_100.jpg
Banana,105_100.jpg
Banana,106_100.jpg
Banana,108_100.jpg
Banana,109_100.jpg
Banana,110_100.jpg
Banana,111_100.jpg
Banana,113_100.jpg
Banana,114_100.jpg
Banana,115_100.jpg
Banana,116_100.jpg
Banana,12_100.jpg
Banana,13_100.jpg
Banana,14_100.jpg
Banana,158_100.jpg
Banana,159_100.jpg
Banana,160_100.jpg
Banana,161_100.jpg
Banana,162_100.jpg
Banana,163_100.jpg
Banana,164_100.jpg
Banana,165_100.jpg
Banana,166_100.jpg
Banana,167_100.jpg
Banana,168_100.jpg
Banana,169_100.jpg
Banana,16_100.jpg
Banana,17_100.jpg
Banana,18_100.jpg
Banana,19_100.jpg
Banana,20_100.jpg
Banana,21_100.jpg
Banana,22_100.jpg
Banana,23_100.jpg
Banana,24_100.jpg
Banana,26_100.jpg
Banana,27_100.jpg
Banana,28_100.jpg
Banana,294_100.jpg
Banana,295_100.jpg
Banana,296_100.jpg
Banana,297_100.jpg
Banana,298_100.jpg
Banana,299_100.jpg
Banana,29_100.jpg
Banana,300_100.jpg
Banana,301_100.jpg
Banana,302_100.jpg
Banana,303_100.jpg
Banana,304_100.jpg
Banana,305_100.jpg
Banana,306_100.jpg
Banana,307_100.jpg
Banana,308_100.jpg
Banana,30_100.jpg
Banana,310_100.jpg
Banana,311_100.jpg
Banana,312_100.jpg
Banana,313_100.jpg
Banana,314_100.jpg
Banana,315_100.jpg
Banana,316_100.jpg
Banana,317_100.jpg
Banana,318_100.jpg
Banana,319_100.jpg
Banana,31_100.jpg
Banana,320_100.jpg
Banana,321_100.jpg
Banana,322_100.jpg
Banana,32_100.jpg
Banana,33_100.jpg
Banana,34_100.jpg
Banana,86_100.jpg
Banana,87_100.jpg
Banana,98_100.jpg
Banana,99_100.jpg
Banana,r_12_100.jpg
Banana,r_14_100.jpg
Banana,r_15_100.jpg
Banana,r_16_100.jpg
Banana,r_18_100.jpg
Banana,r_19_100.jpg
Banana,r_207_100.jpg
Banana,r_213_100.jpg
Banana,r_215_100.jpg
Banana,r_216_100.jpg
Banana,r_223_100.jpg
Banana,r_226_100.jpg
Banana,r_227_100.jpg
Banana,r_228_100.jpg
Banana,15_100.jpg
Banana,25_100.jpg
Banana,309_100.jpg
Banana,36_100.jpg
Banana,r_229_100.jpg
Banana,r_246_100.jpg
Banana,r_35_100.jpg
Banana,r_230_100.jpg
Banana,r_231_100.jpg
Banana,r_232_100.jpg
Banana,r_233_100.jpg
Banana,r_234_100.jpg
Banana,r_235_100.jpg
Banana,r_236_100.jpg
Banana,r_237_100.jpg
Banana,r_238_100.jpg
Banana,r_239_100.jpg
Banana,r_23_100.jpg
Banana,r_240_100.jpg
Banana,r_241_100.jpg
Banana,r_242_100.jpg
Banana,r_243_100.jpg
Banana,r_244_100.jpg
Banana,r_245_100.jpg
Banana,r_24_100.jpg
Banana,r_25_100.jpg
Banana,r_28_100.jpg
Banana,r_29_100.jpg
Banana,r_30_100.jpg
Banana,r_316_100.jpg
Banana,r_317_100.jpg
Banana,r_319_100.jpg
Banana,r_31_100.jpg
Banana,r_320_100.jpg
Banana,r_321_100.jpg
Banana,r_325_100.jpg
Banana,r_326_100.jpg
Banana,r_327_100.jpg
Banana,r_32_100.jpg
Banana,r_33_100.jpg
Banana,r_34_100.jpg
Banana,r_36_100.jpg
Banana,r_37_100.jpg
Banana,r_38_100.jpg
Banana,r_39_100.jpg
Banana,r_40_100.jpg
Banana,r_41_100.jpg
Banana,r_42_100.jpg
Banana,r_43_100.jpg
Banana,r_44_100.jpg
Banana,r_45_100.jpg
Banana,r_46_100.jpg
Banana,r_47_100.jpg
Banana,r_48_100.jpg
Banana,r_49_100.jpg
Banana,r_50_100.jpg
Banana,r_51_100.jpg
Banana,r_52_100.jpg
Banana,r_54_100.jpg
Banana,r_56_100.jpg
Banana,r_57_100.jpg
Banana,r_59_100.jpg
Banana,r_60_100.jpg
Banana,r_61_100.jpg
Banana,r_63_100.jpg
Banana,r_66_100.jpg
Banana,r_67_100.jpg
Banana,r_68_100.jpg
Banana,r_69_100.jpg
Banana,r_70_100.jpg
Banana,r_71_100.jpg
Banana,r_72_100.jpg
Banana,r_73_100.jpg
Blueberry,118_100.jpg
Blueberry,125_100.jpg
Blueberry,127_100.jpg
Blueberry,130_100.jpg
Blueberry,138_100.jpg
Blueberry,139_100.jpg
Blueberry,169_100.jpg
Blueberry,170_100.jpg
Blueberry,174_100.jpg
Blueberry,181_100.jpg
Blueberry,185_100.jpg
Blueberry,186_100.jpg
Blueberry,187_100.jpg
Blueberry,189_100.jpg
Blueberry,190_100.jpg
Blueberry,191_100.jpg
Blueberry,194_100.jpg
Blueberry,195_100.jpg
Blueberry,197_100.jpg
Blueberry,201_100.jpg
Blueberry,202_100.jpg
Blueberry,207_100.jpg
Blueberry,208_100.jpg
Blueberry,210_100.jpg
Blueberry,212_100.jpg
Blueberry,213_100.jpg
Blueberry,215_100.jpg
Blueberry,216_100.jpg
Blueberry,217_100.jpg
Blueberry,220_100.jpg
Blueberry,221_100.jpg
Blueberry,225_100.jpg
Blueberry,226_100.jpg
Blueberry,230_100.jpg
Blueberry,231_100.jpg
Blueberry,232_100.jpg
Blueberry,233_100.jpg
Blueberry,234_100.jpg
Blueberry,236_100.jpg
Blueberry,237_100.jpg
Blueberry,238_100.jpg
Blueberry,239_100.jpg
Blueberry,240_100.jpg
Blueberry,242_100.jpg
Blueberry,243_100.jpg
Blueberry,244_100.jpg
Blueberry,247_100.jpg
Blueberry,249_100.jpg
Blueberry,250_100.jpg
Blueberry,30_100.jpg
Blueberry,31_100.jpg
Blueberry,32_100.jpg
Blueberry,33_100.jpg
Blueberry,34_100.jpg
Blueberry,36_100.jpg
Blueberry,37_100.jpg
Blueberry,38_100.jpg
Blueberry,50_100.jpg
Blueberry,51_100.jpg
Blueberry,53_100.jpg
Blueberry,54_100.jpg
Blueberry,55_100.jpg
Blueberry,56_100.jpg
Blueberry,57_100.jpg
Blueberry,58_100.jpg
Blueberry,59_100.jpg
Blueberry,64_100.jpg
Blueberry,65_100.jpg
Blueberry,67_100.jpg
Blueberry,69_100.jpg
Blueberry,70_100.jpg
Blueberry,71_100.jpg
Blueberry,81_100.jpg
Blueberry,82_100.jpg
Blueberry,r_191_100.jpg
Blueberry,r_193_100.jpg
Blueberry,r_194_100.jpg
Blueberry,r_195_100.jpg
Blueberry,r_196_100.jpg
Blueberry,r_197_100.jpg
Blueberry,r_198_100.jpg
Blueberry,r_199_100.jpg
Blueberry,r_200_100.jpg
Blueberry,r_201_100.jpg
Blueberry,r_202_100.jpg
Blueberry,r_203_100.jpg
Blueberry,r_204_100.jpg
Blueberry,r_205_100.jpg
Blueberry,r_206_100.jpg
Blueberry,r_207_100.jpg
Blueberry,r_208_100.jpg
Blueberry,r_209_100.jpg
Blueberry,200_100.jpg
Blueberry,235_100.jpg
Blueberry,45_100.jpg
Blueberry,r_192_100.jpg
Blueberry,r_210_100.jpg
Blueberry,r_228_100.jpg
Blueberry,r_246_100.jpg
Blueberry,r_211_100.jpg
Blueberry,r_212_100.jpg
Blueberry,r_213_100.jpg
Blueberry,r_214_100.jpg
Blueberry,r_215_100.jpg
Blueberry,r_216_100.jpg
Blueberry,r_217_100.jpg
Blueberry,r_218_100.jpg
Blueberry,r_219_100.jpg
Blueberry,r_220_100.jpg
Blueberry,r_221_100.jpg
Blueberry,r_222_100.jpg
Blueberry,r_223_100.jpg
Blueberry,r_224_100.jpg
Blueberry,r_225_100.jpg
Blueberry,r_226_100.jpg
Blueberry,r_227_100.jpg
Blueberry,r_229_100.jpg
Blueberry,r_230_100.jpg
Blueberry,r_231_100.jpg
Blueberry,r_232_100.jpg
Blueberry,r_233_100.jpg
Blueberry,r_234_100.jpg
Blueberry,r_235_100.jpg
Blueberry,r_236_100.jpg
Blueberry,r_237_100.jpg
Blueberry,r_238_100.jpg
Blueberry,r_239_100.jpg
Blueberry,r_240_100.jpg
Blueberry,r_241_100.jpg
Blueberry,r_242_100.jpg
Blueberry,r_243_100.jpg
Blueberry,r_244_100.jpg
Blueberry,r_245_100.jpg
Blueberry,r_247_100.jpg
Blueberry,r_248_100.jpg
Blueberry,r_249_100.jpg
Blueberry,r_250_100.jpg
Blueberry,r_251_100.jpg
Blueberry,r_253_100.jpg
Blueberry,r_55_100.jpg
Blueberry,r_57_100.jpg
Blueberry,r_65_100.jpg
Blueberry,r_67_100.jpg
Blueberry,r_69_100.jpg
Blueberry,r_70_100.jpg
Blueberry,r_72_100.jpg
Blueberry,r_73_100.jpg
Blueberry,r_74_100.jpg
Blueberry,r_75_100.jpg
Blueberry,r_76_100.jpg
Blueberry,r_77_100.jpg
Blueberry,r_78_100.jpg
Blueberry,r_79_100.jpg
Blueberry,r_81_100.jpg
Cantaloupe 1,100_100.jpg
Cantaloupe 1,101_100.jpg
Cantaloupe 1,102_100.jpg
Cantaloupe 1,103_100.jpg
Cantaloupe 1,104_100.jpg
Cantaloupe 1,105_100.jpg
Cantaloupe 1,106_100.jpg
Cantaloupe 1,107_100.jpg
Cantaloupe 1,108_100.jpg
Cantaloupe 1,109_100.jpg
Cantaloupe 1,110_100.jpg
Cantaloupe 1,111_100.jpg
Cantaloupe 1,112_100.jpg
Cantaloupe 1,113_100.jpg
Cantaloupe 1,114_100.jpg
Cantaloupe 1,115_100.jpg
Cantaloupe 1,116_100.jpg
Cantaloupe 1,117_100.jpg
Cantaloupe 1,118_100.jpg
Cantaloupe 1,120_100.jpg
Cantaloupe 1,121_100.jpg
Cantaloupe 1,122_100.jpg
Cantaloupe 1,123_100.jpg
Cantaloupe 1,124_100.jpg
Cantaloupe 1,125_100.jpg
Cantaloupe 1,126_100.jpg
Cantaloupe 1,127_100.jpg
Cantaloupe 1,128_100.jpg
Cantaloupe 1,129_100.jpg
Cantaloupe 1,130_100.jpg
Cantaloupe 1,131_100.jpg
Cantaloupe 1,132_100.jpg
Cantaloupe 1,133_100.jpg
Cantaloupe 1,134_100.jpg
Cantaloupe 1,135_100.jpg
Cantaloupe 1,136_100.jpg
Cantaloupe 1,137_100.jpg
Cantaloupe 1,138_100.jpg
Cantaloupe 1,140_100.jpg
Cantaloupe 1,142_100.jpg
Cantaloupe 1,144_100.jpg
Cantaloupe 1,145_100.jpg
Cantaloupe 1,146_100.jpg
Cantaloupe 1,147_100.jpg
Cantaloupe 1,148_100.jpg
Cantaloupe 1,149_100.jpg
Cantaloupe 1,150_100.jpg
Cantaloupe 1,151_100.jpg
Cantaloupe 1,152_100.jpg
Cantaloupe 1,153_100.jpg
Cantaloupe 1,154_100.jpg
Cantaloupe 1,155_100.jpg
Cantaloupe 1,156_100.jpg
Cantaloupe 1,157_100.jpg
Cantaloupe 1,158_100.jpg
Cantaloupe 1,159_100.jpg
Cantaloupe 1,191_100.jpg
Cantaloupe 1,76_100.jpg
Cantaloupe 1,77_100.jpg
Cantaloupe 1,78_100.jpg
Cantaloupe 1,79_100.jpg
Cantaloupe 1,80_100.jpg
Cantaloupe 1,82_100.jpg
Cantaloupe 1,83_100.jpg
Cantaloupe 1,84_100.jpg
Cantaloupe 1,85_100.jpg
Cantaloupe 1,86_100.jpg
Cantaloupe 1,87_100.jpg
Cantaloupe 1,88_100.jpg
Cantaloupe 1,89_100.jpg
Cantaloupe 1,90_100.jpg
Cantaloupe 1,91_100.jpg
Cantaloupe 1,93_100.jpg
Cantaloupe 1,94_100.jpg
Cantaloupe 1,95_100.jpg
Cantaloupe 1,97_100.jpg
Cantaloupe 1,98_100.jpg
Cantaloupe 1,99_100.jpg
Cantaloupe 1,r_100_100.jpg
Cantaloupe 1,r_101_100.jpg
Cantaloupe 1,r_102_100.jpg
Cantaloupe 1,r_103_100.jpg
Cantaloupe 1,r_104_100.jpg
Cantaloupe 1,r_105_100.jpg
Cantaloupe 1,r_106_100.jpg
Cantaloupe 1,r_107_100.jpg
Cantaloupe 1,r_108_100.jpg
Cantaloupe 1,r_109_100.jpg
Cantaloupe 1,r_110_100.jpg
Cantaloupe 1,r_111_100.jpg
Cantaloupe 1,r_112_100.jpg
Cantaloupe 1,r_113_100.jpg
Cantaloupe 1,r_114_100.jpg
Cantaloupe 1,119_100.jpg
Cantaloupe 1,139_100.jpg
Cantaloupe 1,75_100.jpg
Cantaloupe 1,96_100.jpg
Cantaloupe 1,r_115_100.jpg
Cantaloupe 1,r_135_100.jpg
Cantaloupe 1,r_56_100.jpg
Cantaloupe 1,r_116_100.jpg
Cantaloupe 1,r_117_100.jpg
Cantaloupe 1,r_118_100.jpg
Cantaloupe 1,r_119_100.jpg
Cantaloupe 1,r_120_100.jpg
Cantaloupe 1,r_121_100.jpg
Cantaloupe 1,r_122_100.jpg
Cantaloupe 1,r_123_100.jpg
Cantaloupe 1,r_124_100.jpg
Cantaloupe 1,r_125_100.jpg
Cantaloupe 1,r_126_100.jpg
Cantaloupe 1,r_127_100.jpg
Cantaloupe 1,r_129_100.jpg
Cantaloupe 1,r_130_100.jpg
Cantaloupe 1,r_131_100.jpg
Cantaloupe 1,r_132_100.jpg
Cantaloupe 1,r_133_100.jpg
Cantaloupe 1,r_136_100.jpg
Cantaloupe 1,r_137_100.jpg
Cantaloupe 1,r_138_100.jpg
Cantaloupe 1,r_139_100.jpg
Cantaloupe 1,r_140_100.jpg
Cantaloupe 1,r_43_100.jpg
Cantaloupe 1,r_45_100.jpg
Cantaloupe 1,r_46_100.jpg
Cantaloupe 1,r_47_100.jpg
Cantaloupe 1,r_48_100.jpg
Cantaloupe 1,r_49_100.jpg
Cantaloupe 1,r_50_100.jpg
Cantaloupe 1,r_51_100.jpg
Cantaloupe 1,r_52_100.jpg
Cantaloupe 1,r_53_100.jpg
Cantaloupe 1,r_54_100.jpg
Cantaloupe 1,r_55_100.jpg
Cantaloupe 1,r_57_100.jpg
Cantaloupe 1,r_58_100.jpg
Cantaloupe 1,r_59_100.jpg
Cantaloupe 1,r_60_100.jpg
Cantaloupe 1,r_61_100.jpg
Cantaloupe 1,r_62_100.jpg
Cantaloupe 1,r_63_100.jpg
Cantaloupe 1,r_64_100.jpg
Cantaloupe 1,r_65_100.jpg
Cantaloupe 1,r_73_100.jpg
Cantaloupe 1,r_74_100.jpg
Cantaloupe 1,r_75_100.jpg
Cantaloupe 1,r_76_100.jpg
Cantaloupe 1,r_77_100.jpg
Cantaloupe 1,r_78_100.jpg
Cantaloupe 1,r_79_100.jpg
Cantaloupe 1,r_80_100.jpg
Cantaloupe 1,r_81_100.jpg
Cantaloupe 1,r_82_100.jpg
Cantaloupe 1,r_85_100.jpg
Cantaloupe 1,r_86_100.jpg
Cantaloupe 1,r_89_100.jpg
Cantaloupe 1,r_90_100.jpg
Cantaloupe 1,r_92_100.jpg
Cantaloupe 1,r_94_100.jpg
Cantaloupe 1,r_95_100.jpg
Cantaloupe 1,r_96_100.jpg
Cantaloupe 1,r_97_100.jpg
Cantaloupe 1,r_98_100.jpg
Cantaloupe 1,r_99_100.jpg
Dates,100_100.jpg
Dates,101_100.jpg
Dates,102_100.jpg
Dates,103_100.jpg
Dates,104_100.jpg
Dates,105_100.jpg
Dates,106_100.jpg
Dates,107_100.jpg
Dates,108_100.jpg
Dates,109_100.jpg
Dates,10_100.jpg
Dates,110_100.jpg
Dates,111_100.jpg
Dates,112_100.jpg
Dates,113_100.jpg
Dates,114_100.jpg
Dates,115_100.jpg
Dates,116_100.jpg
Dates,117_100.jpg
Dates,119_100.jpg
Dates,11_100.jpg
Dates,120_100.jpg
Dates,121_100.jpg
Dates,122_100.jpg
Dates,123_100.jpg
Dates,124_100.jpg
Dates,125_100.jpg
Dates,126_100.jpg
Dates,127_100.jpg
Dates,128_100.jpg
Dates,129_100.jpg
Dates,12_100.jpg
Dates,130_100.jpg
Dates,131_100.jpg
Dates,132_100.jpg
Dates,133_100.jpg
Dates,134_100.jpg
Dates,135_100.jpg
Dates,137_100.jpg
Dates,138_100.jpg
Dates,139_100.jpg
Dates,19_100.jpg
Dates,246_100.jpg
Dates,254_100.jpg
Dates,257_100.jpg
Dates,258_100.jpg
Dates,265_100.jpg
Dates,266_100.jpg
Dates,271_100.jpg
Dates,274_100.jpg
Dates,275_100.jpg
Dates,276_100.jpg
Dates,277_100.jpg
Dates,278_100.jpg
Dates,279_100.jpg
Dates,280_100.jpg
Dates,281_100.jpg
Dates,283_100.jpg
Dates,284_100.jpg
Dates,285_100.jpg
Dates,286_100.jpg
Dates,287_100.jpg
Dates,4_100.jpg
Dates,5_100.jpg
Dates,6_100.jpg
Dates,7_100.jpg
Dates,80_100.jpg
Dates,82_100.jpg
Dates,87_100.jpg
Dates,88_100.jpg
Dates,8_100.jpg
Dates,91_100.jpg
Dates,93_100.jpg
Dates,94_100.jpg
Dates,95_100.jpg
Dates,97_100.jpg
Dates,98_100.jpg
Dates,99_100.jpg
Dates,9_100.jpg
Dates,r_100_100.jpg
Dates,r_101_100.jpg
Dates,r_102_100.jpg
Dates,r_103_100.jpg
Dates,r_104_100.jpg
Dates,r_105_100.jpg
Dates,r_106_100.jpg
Dates,r_107_100.jpg
Dates,r_108_100.jpg
Dates,r_109_100.jpg
Dates,r_110_100.jpg
Dates,r_111_100.jpg
Dates,r_112_100.jpg
Dates,r_113_100.jpg
Dates,118_100.jpg
Dates,136_100.jpg
Dates,282_100.jpg
Dates,96_100.jpg
Dates,r_114_100.jpg
Dates,r_37_100.jpg
Dates,r_67_100.jpg
Dates,r_116_100.jpg
Dates,r_117_100.jpg
Dates,r_118_100.jpg
Dates,r_119_100.jpg
Dates,r_307_100.jpg
Dates,r_308_100.jpg
Dates,r_309_100.jpg
Dates,r_310_100.jpg
Dates,r_311_100.jpg
Dates,r_315_100.jpg
Dates,r_316_100.jpg
Dates,r_317_100.jpg
Dates,r_321_100.jpg
Dates,r_323_100.jpg
Dates,r_326_100.jpg
Dates,r_34_100.jpg
Dates,r_35_100.jpg
Dates,r_42_100.jpg
Dates,r_44_100.jpg
Dates,r_45_100.jpg
Dates,r_46_100.jpg
Dates,r_47_100.jpg
Dates,r_48_100.jpg
Dates,r_49_100.jpg
Dates,r_50_100.jpg
Dates,r_51_100.jpg
Dates,r_52_100.jpg
Dates,r_53_100.jpg
Dates,r_54_100.jpg
Dates,r_55_100.jpg
Dates,r_57_100.jpg
Dates,r_62_100.jpg
Dates,r_63_100.jpg
Dates,r_65_100.jpg
Dates,r_68_100.jpg
Dates,r_69_100.jpg
Dates,r_70_100.jpg
Dates,r_71_100.jpg
Dates,r_72_100.jpg
Dates,r_73_100.jpg
Dates,r_74_100.jpg
Dates,r_75_100.jpg
Dates,r_76_100.jpg
Dates,r_77_100.jpg
Dates,r_78_100.jpg
Dates,r_79_100.jpg
Dates,r_80_100.jpg
Dates,r_81_100.jpg
Dates,r_82_100.jpg
Dates,r_83_100.jpg
Dates,r_84_100.jpg
Dates,r_85_100.jpg
Dates,r_86_100.jpg
Dates,r_87_100.jpg
Dates,r_88_100.jpg
Dates,r_89_100.jpg
Dates,r_90_100.jpg
Dates,r_91_100.jpg
Dates,r_92_100.jpg
Dates,r_93_100.jpg
Dates,r_94_100.jpg
Dates,r_95_100.jpg
Dates,r_96_100.jpg
Dates,r_97_100.jpg
Dates,r_98_100.jpg
Dates,r_99_100.jpg
Eggplant,100_100.jpg
Eggplant,101_100.jpg
Eggplant,102_100.jpg
Eggplant,104_100.jpg
Eggplant,105_100.jpg
Eggplant,106_100.jpg
Eggplant,107_100.jpg
Eggplant,108_100.jpg
Eggplant,109_100.jpg
Eggplant,110_100.jpg
Eggplant,111_100.jpg
Eggplant,112_100.jpg
Eggplant,113_100.jpg
Eggplant,114_100.jpg
Eggplant,115_100.jpg
Eggplant,116_100.jpg
Eggplant,117_100.jpg
Eggplant,118_100.jpg
Eggplant,119_100.jpg
Eggplant,121_100.jpg
Eggplant,122_100.jpg
Eggplant,123_100.jpg
Eggplant,124_100.jpg
Eggplant,125_100.jpg
Eggplant,126_100.jpg
Eggplant,127_100.jpg
Eggplant,128_100.jpg
Eggplant,129_100.jpg
Eggplant,130_100.jpg
Eggplant,131_100.jpg
Eggplant,132_100.jpg
Eggplant,133_100.jpg
Eggplant,134_100.jpg
Eggplant,135_100.jpg
Eggplant,136_100.jpg
Eggplant,137_100.jpg
Eggplant,138_100.jpg
Eggplant,139_100.jpg
Eggplant,141_100.jpg
Eggplant,142_100.jpg
Eggplant,143_100.jpg
Eggplant,144_100.jpg
Eggplant,145_100.jpg
Eggplant,146_100.jpg
Eggplant,147_100.jpg
Eggplant,148_100.jpg
Eggplant,149_100.jpg
Eggplant,150_100.jpg
Eggplant,151_100.jpg
Eggplant,152_100.jpg
Eggplant,153_100.jpg
Eggplant,154_100.jpg
Eggplant,155_100.jpg
Eggplant,156_100.jpg
Eggplant,157_100.jpg
Eggplant,158_100.jpg
Eggplant,159_100.jpg
Eggplant,161_100.jpg
Eggplant,162_100.jpg
Eggplant,163_100.jpg
Eggplant,164_100.jpg
Eggplant,165_100.jpg
Eggplant,166_100.jpg
Eggplant,167_100.jpg
Eggplant,168_100.jpg
Eggplant,89_100.jpg
Eggplant,90_100.jpg
Eggplant,91_100.jpg
Eggplant,93_100.jpg
Eggplant,94_100.jpg
Eggplant,95_100.jpg
Eggplant,96_100.jpg
Eggplant,97_100.jpg
Eggplant,98_100.jpg
Eggplant,99_100.jpg
Eggplant,r_226_100.jpg
Eggplant,r_227_100.jpg
Eggplant,r_228_100.jpg
Eggplant,r_229_100.jpg
Eggplant,r_230_100.jpg
Eggplant,r_231_100.jpg
Eggplant,r_232_100.jpg
Eggplant,r_233_100.jpg
Eggplant,r_234_100.jpg
Eggplant,r_235_100.jpg
Eggplant,r_236_100.jpg
Eggplant,r_237_100.jpg
Eggplant,r_238_100.jpg
Eggplant,r_239_100.jpg
Eggplant,r_240_100.jpg
Eggplant,r_241_100.jpg
Eggplant,r_242_100.jpg
Eggplant,120_100.jpg
Eggplant,140_100.jpg
Eggplant,160_100.jpg
Eggplant,r_225_100.jpg
Eggplant,r_243_100.jpg
Eggplant,r_261_100.jpg
Eggplant,r_76_100.jpg
Eggplant,r_244_100.jpg
Eggplant,r_245_100.jpg
Eggplant,r_246_100.jpg
Eggplant,r_247_100.jpg
Eggplant,r_248_100.jpg
Eggplant,r_249_100.jpg
Eggplant,r_250_100.jpg
Eggplant,r_251_100.jpg
Eggplant,r_252_100.jpg
Eggplant,r_253_100.jpg
Eggplant,r_254_100.jpg
Eggplant,r_255_100.jpg
Eggplant,r_256_100.jpg
Eggplant,r_257_100.jpg
Eggplant,r_258_100.jpg
Eggplant,r_259_100.jpg
Eggplant,r_260_100.jpg
Eggplant,r_262_100.jpg
Eggplant,r_263_100.jpg
Eggplant,r_264_100.jpg
Eggplant,r_265_100.jpg
Eggplant,r_266_100.jpg
Eggplant,r_267_100.jpg
Eggplant,r_268_100.jpg
Eggplant,r_269_100.jpg
Eggplant,r_270_100.jpg
Eggplant,r_271_100.jpg
Eggplant,r_273_100.jpg
Eggplant,r_70_100.jpg
Eggplant,r_71_100.jpg
Eggplant,r_72_100.jpg
Eggplant,r_73_100.jpg
Eggplant,r_74_100.jpg
Eggplant,r_75_100.jpg
Eggplant,r_77_100.jpg
Eggplant,r_78_100.jpg
Eggplant,r_79_100.jpg
Eggplant,r_80_100.jpg
Eggplant,r_81_100.jpg
Eggplant,r_82_100.jpg
Eggplant,r_83_100.jpg
Eggplant,r_84_100.jpg
Eggplant,r_85_100.jpg
Eggplant,r_86_100.jpg
Eggplant,r_87_100.jpg
Eggplant,r_88_100.jpg
Eggplant,r_89_100.jpg
Eggplant,r_90_100.jpg
Eggplant,r_91_100.jpg
Eggplant,r_92_100.jpg
Eggplant,r_93_100.jpg
Eggplant,r_94_100.jpg
Eggplant,r_95_100.jpg
Eggplant,r_96_100.jpg
Eggplant,r_97_100.jpg
Eggplant,r_98_100.jpg
Eggplant,r_99_100.jpg
Lemon,321_100.jpg
Lemon,322_100.jpg
Lemon,323_100.jpg
Lemon,324_100.jpg
Lemon,325_100.jpg
Lemon,326_100.jpg
Lemon,327_100.jpg
Lemon,32_100.jpg
Lemon,33_100.jpg
Lemon,34_100.jpg
Lemon,35_100.jpg
Lemon,36_100.jpg
Lemon,37_100.jpg
Lemon,38_100.jpg
Lemon,39_100.jpg
Lemon,3_100.jpg
Lemon,40_100.jpg
Lemon,41_100.jpg
Lemon,42_100.jpg
Lemon,44_100.jpg
Lemon,45_100.jpg
Lemon,46_100.jpg
Lemon,47_100.jpg
Lemon,48_100.jpg
Lemon,49_100.jpg
Lemon,4_100.jpg
Lemon,50_100.jpg
Lemon,51_100.jpg
Lemon,52_100.jpg
Lemon,53_100.jpg
Lemon,54_100.jpg
Lemon,55_100.jpg
Lemon,56_100.jpg
Lemon,57_100.jpg
Lemon,58_100.jpg
Lemon,59_100.jpg
Lemon,5_100.jpg
Lemon,60_100.jpg
Lemon,62_100.jpg
Lemon,63_100.jpg
Lemon,64_100.jpg
Lemon,65_100.jpg
Lemon,66_100.jpg
Lemon,67_100.jpg
Lemon,68_100.jpg
Lemon,69_100.jpg
Lemon,6_100.jpg
Lemon,70_100.jpg
Lemon,71_100.jpg
Lemon,72_100.jpg
Lemon,73_100.jpg
Lemon,74_100.jpg
Lemon,75_100.jpg
Lemon,76_100.jpg
Lemon,77_100.jpg
Lemon,78_100.jpg
Lemon,79_100.jpg
Lemon,80_100.jpg
Lemon,81_100.jpg
Lemon,82_100.jpg
Lemon,83_100.jpg
Lemon,84_100.jpg
Lemon,85_100.jpg
Lemon,86_100.jpg
Lemon,87_100.jpg
Lemon,88_100.jpg
Lemon,89_100.jpg
Lemon,8_100.jpg
Lemon,90_100.jpg
Lemon,91_100.jpg
Lemon,92_100.jpg
Lemon,93_100.jpg
Lemon,94_100.jpg
Lemon,95_100.jpg
Lemon,96_100.jpg
Lemon,98_100.jpg
Lemon,99_100.jpg
Lemon,9_100.jpg
Lemon,r_10_100.jpg
Lemon,r_11_100.jpg
Lemon,r_12_100.jpg
Lemon,r_13_100.jpg
Lemon,r_14_100.jpg
Lemon,r_15_100.jpg
Lemon,r_164_100.jpg
Lemon,r_165_100.jpg
Lemon,r_166_100.jpg
Lemon,r_167_100.jpg
Lemon,r_168_100.jpg
Lemon,r_169_100.jpg
Lemon,r_16_100.jpg
Lemon,r_170_100.jpg
Lemon,r_171_100.jpg
Lemon,43_100.jpg
Lemon,61_100.jpg
Lemon,7_100.jpg
Lemon,97_100.jpg
Lemon,r_172_100.jpg
Lemon,r_189_100.jpg
Lemon,r_21_100.jpg
Lemon,r_173_100.jpg
Lemon,r_174_100.jpg
Lemon,r_175_100.jpg
Lemon,r_176_100.jpg
Lemon,r_177_100.jpg
Lemon,r_178_100.jpg
Lemon,r_179_100.jpg
Lemon,r_17_100.jpg
Lemon,r_180_100.jpg
Lemon,r_181_100.jpg
Lemon,r_182_100.jpg
Lemon,r_183_100.jpg
Lemon,r_184_100.jpg
Lemon,r_185_100.jpg
Lemon,r_186_100.jpg
Lemon,r_187_100.jpg
Lemon,r_188_100.jpg
Lemon,r_18_100.jpg
Lemon,r_190_100.jpg
Lemon,r_191_100.jpg
Lemon,r_192_100.jpg
Lemon,r_193_100.jpg
Lemon,r_194_100.jpg
Lemon,r_195_100.jpg
Lemon,r_196_100.jpg
Lemon,r_199_100.jpg
Lemon,r_19_100.jpg
Lemon,r_200_100.jpg
Lemon,r_201_100.jpg
Lemon,r_205_100.jpg
Lemon,r_207_100.jpg
Lemon,r_20_100.jpg
Lemon,r_214_100.jpg
Lemon,r_215_100.jpg
Lemon,r_22_100.jpg
Lemon,r_23_100.jpg
Lemon,r_24_100.jpg
Lemon,r_25_100.jpg
Lemon,r_26_100.jpg
Lemon,r_27_100.jpg
Lemon,r_28_100.jpg
Lemon,r_29_100.jpg
Lemon,r_2_100.jpg
Lemon,r_30_100.jpg
Lemon,r_319_100.jpg
Lemon,r_31_100.jpg
Lemon,r_325_100.jpg
Lemon,r_326_100.jpg
Lemon,r_327_100.jpg
Lemon,r_32_100.jpg
Lemon,r_33_100.jpg
Lemon,r_34_100.jpg
Lemon,r_35_100.jpg
Lemon,r_36_100.jpg
Lemon,r_37_100.jpg
Lemon,r_38_100.jpg
Lemon,r_3_100.jpg
Lemon,r_40_100.jpg
Lemon,r_4_100.jpg
Lemon,r_5_100.jpg
Lemon,r_6_100.jpg
Lemon,r_7_100.jpg
Lemon,r_8_100.jpg
Lemon,r_9_100.jpg
Mango,0_100.jpg
Mango,10_100.jpg
Mango,11_100.jpg
Mango,125_100.jpg
Mango,12_100.jpg
Mango,130_100.jpg
Mango,131_100.jpg
Mango,132_100.jpg
Mango,133_100.jpg
Mango,134_100.jpg
Mango,135_100.jpg
Mango,136_100.jpg
Mango,137_100.jpg
Mango,138_100.jpg
Mango,139_100.jpg
Mango,140_100.jpg
Mango,141_100.jpg
Mango,142_100.jpg
Mango,143_100.jpg
Mango,145_100.jpg
Mango,146_100.jpg
Mango,147_100.jpg
Mango,148_100.jpg
Mango,149_100.jpg
Mango,14_100.jpg
Mango,150_100.jpg
Mango,151_100.jpg
Mango,152_100.jpg
Mango,153_100.jpg
Mango,155_100.jpg
Mango,156_100.jpg
Mango,157_100.jpg
Mango,158_100.jpg
Mango,159_100.jpg
Mango,162_100.jpg
Mango,182_100.jpg
Mango,183_100.jpg
Mango,184_100.jpg
Mango,260_100.jpg
Mango,261_100.jpg
Mango,262_100.jpg
Mango,264_100.jpg
Mango,269_100.jpg
Mango,270_100.jpg
Mango,273_100.jpg
Mango,274_100.jpg
Mango,278_100.jpg
Mango,279_100.jpg
Mango,292_100.jpg
Mango,293_100.jpg
Mango,299_100.jpg
Mango,2_100.jpg
Mango,300_100.jpg
Mango,301_100.jpg
Mango,302_100.jpg
Mango,303_100.jpg
Mango,304_100.jpg
Mango,306_100.jpg
Mango,307_100.jpg
Mango,308_100.jpg
Mango,309_100.jpg
Mango,310_100.jpg
Mango,312_100.jpg
Mango,313_100.jpg
Mango,314_100.jpg
Mango,315_100.jpg
Mango,316_100.jpg
Mango,317_100.jpg
Mango,318_100.jpg
Mango,319_100.jpg
Mango,320_100.jpg
Mango,321_100.jpg
Mango,323_100.jpg
Mango,3_100.jpg
Mango,4_100.jpg
Mango,6_100.jpg
Mango,7_100.jpg
Mango,8_100.jpg
Mango,9_100.jpg
Mango,r_13_100.jpg
Mango,r_14_100.jpg
Mango,r_15_100.jpg
Mango,r_210_100.jpg
Mango,r_211_100.jpg
Mango,r_212_100.jpg
Mango,r_213_100.jpg
Mango,r_214_100.jpg
Mango,r_215_100.jpg
Mango,r_216_100.jpg
Mango,r_217_100.jpg
Mango,r_218_100.jpg
Mango,r_219_100.jpg
Mango,r_220_100.jpg
Mango,144_100.jpg
Mango,1_100.jpg
Mango,305_100.jpg
Mango,5_100.jpg
Mango,r_221_100.jpg
Mango,r_239_100.jpg
Mango,r_257_100.jpg
Mango,r_222_100.jpg
Mango,r_223_100.jpg
Mango,r_224_100.jpg
Mango,r_225_100.jpg
Mango,r_226_100.jpg
Mango,r_227_100.jpg
Mango,r_228_100.jpg
Mango,r_229_100.jpg
Mango,r_230_100.jpg
Mango,r_231_100.jpg
Mango,r_232_100.jpg
Mango,r_233_100.jpg
Mango,r_234_100.jpg
Mango,r_235_100.jpg
Mango,r_236_100.jpg
Mango,r_237_100.jpg
Mango,r_238_100.jpg
Mango,r_240_100.jpg
Mango,r_241_100.jpg
Mango,r_242_100.jpg
Mango,r_243_100.jpg
Mango,r_244_100.jpg
Mango,r_245_100.jpg
Mango,r_246_100.jpg
Mango,r_247_100.jpg
Mango,r_248_100.jpg
Mango,r_249_100.jpg
Mango,r_250_100.jpg
Mango,r_251_100.jpg
Mango,r_252_100.jpg
Mango,r_253_100.jpg
Mango,r_254_100.jpg
Mango,r_255_100.jpg
Mango,r_256_100.jpg
Mango,r_258_100.jpg
Mango,r_259_100.jpg
Mango,r_25_100.jpg
Mango,r_260_100.jpg
Mango,r_261_100.jpg
Mango,r_262_100.jpg
Mango,r_263_100.jpg
Mango,r_264_100.jpg
Mango,r_265_100.jpg
Mango,r_266_100.jpg
Mango,r_270_100.jpg
Mango,r_271_100.jpg
Mango,r_273_100.jpg
Mango,r_274_100.jpg
Mango,r_275_100.jpg
Mango,r_277_100.jpg
Mango,r_321_100.jpg
Mango,r_322_100.jpg
Mango,r_323_100.jpg
Mango,r_78_100.jpg
Mango,r_79_100.jpg
Mango,r_81_100.jpg
Mango,r_82_100.jpg
Mango,r_83_100.jpg
Mango,r_84_100.jpg
Mango,r_85_100.jpg
Mango,r_86_100.jpg
Mango,r_87_100.jpg
Mango,r_88_100.jpg
Mango,r_89_100.jpg
Mango,r_90_100.jpg
Mango,r_91_100.jpg
Papaya,321_100.jpg
Papaya,322_100.jpg
Papaya,323_100.jpg
Papaya,324_100.jpg
Papaya,325_100.jpg
Papaya,326_100.jpg
Papaya,327_100.jpg
Papaya,32_100.jpg
Papaya,33_100.jpg
Papaya,34_100.jpg
Papaya,35_100.jpg
Papaya,36_100.jpg
Papaya,37_100.jpg
Papaya,38_100.jpg
Papaya,39_100.jpg
Papaya,3_100.jpg
Papaya,40_100.jpg
Papaya,41_100.jpg
Papaya,42_100.jpg
Papaya,44_100.jpg
Papaya,45_100.jpg
Papaya,46_100.jpg
Papaya,47_100.jpg
Papaya,48_100.jpg
Papaya,49_100.jpg
Papaya,4_100.jpg
Papaya,50_100.jpg
Papaya,51_100.jpg
Papaya,52_100.jpg
Papaya,53_100.jpg
Papaya,54_100.jpg
Papaya,55_100.jpg
Papaya,56_100.jpg
Papaya,57_100.jpg
Papaya,58_100.jpg
Papaya,59_100.jpg
Papaya,5_100.jpg
Papaya,60_100.jpg
Papaya,62_100.jpg
Papaya,63_100.jpg
Papaya,64_100.jpg
Papaya,65_100.jpg
Papaya,66_100.jpg
Papaya,67_100.jpg
Papaya,68_100.jpg
Papaya,69_100.jpg
Papaya,6_100.jpg
Papaya,70_100.jpg
Papaya,71_100.jpg
Papaya,72_100.jpg
Papaya,73_100.jpg
Papaya,74_100.jpg
Papaya,75_100.jpg
Papaya,76_100.jpg
Papaya,77_100.jpg
Papaya,78_100.jpg
Papaya,79_100.jpg
Papaya,80_100.jpg
Papaya,81_100.jpg
Papaya,82_100.jpg
Papaya,83_100.jpg
Papaya,84_100.jpg
Papaya,85_100.jpg
Papaya,86_100.jpg
Papaya,87_100.jpg
Papaya,88_100.jpg
Papaya,89_100.jpg
Papaya,8_100.jpg
Papaya,90_100.jpg
Papaya,91_100.jpg
Papaya,92_100.jpg
Papaya,93_100.jpg
Papaya,94_100.jpg
Papaya,95_100.jpg
Papaya,96_100.jpg
Papaya,98_100.jpg
Papaya,99_100.jpg
Papaya,9_100.jpg
Papaya,r_321_100.jpg
Papaya,r_322_100.jpg
Papaya,r_323_100.jpg
Papaya,r_324_100.jpg
Papaya,r_325_100.jpg
Papaya,r_326_100.jpg
Papaya,r_327_100.jpg
Papaya,r_32_100.jpg
Papaya,r_33_100.jpg
Papaya,r_34_100.jpg
Papaya,r_35_100.jpg
Papaya,r_36_100.jpg
Papaya,r_37_100.jpg
Papaya,r_38_100.jpg
Papaya,r_39_100.jpg
Papaya,43_100.jpg
Papaya,61_100.jpg
Papaya,7_100.jpg
Papaya,97_100.jpg
Papaya,r_3_100.jpg
Papaya,r_57_100.jpg
Papaya,r_74_100.jpg
Papaya,r_40_100.jpg
Papaya,r_41_100.jpg
Papaya,r_42_100.jpg
Papaya,r_43_100.jpg
Papaya,r_44_100.jpg
Papaya,r_45_100.jpg
Papaya,r_46_100.jpg
Papaya,r_47_100.jpg
Papaya,r_48_100.jpg
Papaya,r_49_100.jpg
Papaya,r_4_100.jpg
Papaya,r_50_100.jpg
Papaya,r_51_100.jpg
Papaya,r_52_100.jpg
Papaya,r_53_100.jpg
Papaya,r_54_100.jpg
Papaya,r_55_100.jpg
Papaya,r_56_100.jpg
Papaya,r_58_100.jpg
Papaya,r_59_100.jpg
Papaya,r_5_100.jpg
Papaya,r_60_100.jpg
Papaya,r_61_100.jpg
Papaya,r_62_100.jpg
Papaya,r_63_100.jpg
Papaya,r_64_100.jpg
Papaya,r_65_100.jpg
Papaya,r_66_100.jpg
Papaya,r_67_100.jpg
Papaya,r_68_100.jpg
Papaya,r_69_100.jpg
Papaya,r_6_100.jpg
Papaya,r_70_100.jpg
Papaya,r_71_100.jpg
Papaya,r_72_100.jpg
Papaya,r_73_100.jpg
Papaya,r_75_100.jpg
Papaya,r_76_100.jpg
Papaya,r_77_100.jpg
Papaya,r_78_100.jpg
Papaya,r_79_100.jpg
Papaya,r_7_100.jpg
Papaya,r_80_100.jpg
Papaya,r_81_100.jpg
Papaya,r_82_100.jpg
Papaya,r_83_100.jpg
Papaya,r_84_100.jpg
Papaya,r_85_100.jpg
Papaya,r_86_100.jpg
Papaya,r_87_100.jpg
Papaya,r_88_100.jpg
Papaya,r_89_100.jpg
Papaya,r_8_100.jpg
Papaya,r_90_100.jpg
Papaya,r_91_100.jpg
Papaya,r_92_100.jpg
Papaya,r_93_100.jpg
Papaya,r_94_100.jpg
Papaya,r_95_100.jpg
Papaya,r_96_100.jpg
Papaya,r_97_100.jpg
Papaya,r_98_100.jpg
Papaya,r_99_100.jpg
Papaya,r_9_100.jpg
Watermelon,125_100.jpg
Watermelon,126_100.jpg
Watermelon,129_100.jpg
Watermelon,130_100.jpg
Watermelon,131_100.jpg
Watermelon,132_100.jpg
Watermelon,133_100.jpg
Watermelon,134_100.jpg
Watermelon,135_100.jpg
Watermelon,136_100.jpg
Watermelon,137_100.jpg
Watermelon,138_100.jpg
Watermelon,139_100.jpg
Watermelon,142_100.jpg
Watermelon,143_100.jpg
Watermelon,144_100.jpg
Watermelon,146_100.jpg
Watermelon,148_100.jpg
Watermelon,150_100.jpg
Watermelon,152_100.jpg
Watermelon,153_100.jpg
Watermelon,176_100.jpg
Watermelon,178_100.jpg
Watermelon,183_100.jpg
Watermelon,185_100.jpg
Watermelon,186_100.jpg
Watermelon,188_100.jpg
Watermelon,189_100.jpg
Watermelon,201_100.jpg
Watermelon,202_100.jpg
Watermelon,203_100.jpg
Watermelon,205_100.jpg
Watermelon,206_100.jpg
Watermelon,207_100.jpg
Watermelon,209_100.jpg
Watermelon,213_100.jpg
Watermelon,230_100.jpg
Watermelon,235_100.jpg
Watermelon,238_100.jpg
Watermelon,244_100.jpg
Watermelon,249_100.jpg
Watermelon,253_100.jpg
Watermelon,254_100.jpg
Watermelon,255_100.jpg
Watermelon,256_100.jpg
Watermelon,257_100.jpg
Watermelon,258_100.jpg
Watermelon,259_100.jpg
Watermelon,260_100.jpg
Watermelon,261_100.jpg
Watermelon,262_100.jpg
Watermelon,263_100.jpg
Watermelon,264_100.jpg
Watermelon,265_100.jpg
Watermelon,266_100.jpg
Watermelon,267_100.jpg
Watermelon,268_100.jpg
Watermelon,270_100.jpg
Watermelon,271_100.jpg
Watermelon,272_100.jpg
Watermelon,273_100.jpg
Watermelon,274_100.jpg
Watermelon,275_100.jpg
Watermelon,276_100.jpg
Watermelon,277_100.jpg
Watermelon,279_100.jpg
Watermelon,280_100.jpg
Watermelon,281_100.jpg
Watermelon,282_100.jpg
Watermelon,283_100.jpg
Watermelon,284_100.jpg
Watermelon,286_100.jpg
Watermelon,287_100.jpg
Watermelon,288_100.jpg
Watermelon,290_100.jpg
Watermelon,r_100_100.jpg
Watermelon,r_101_100.jpg
Watermelon,r_102_100.jpg
Watermelon,r_103_100.jpg
Watermelon,r_104_100.jpg
Watermelon,r_105_100.jpg
Watermelon,r_106_100.jpg
Watermelon,r_107_100.jpg
Watermelon,r_108_100.jpg
Watermelon,r_109_100.jpg
Watermelon,r_110_100.jpg
Watermelon,r_111_100.jpg
Watermelon,r_112_100.jpg
Watermelon,r_113_100.jpg
Watermelon,r_114_100.jpg
Watermelon,r_115_100.jpg
Watermelon,r_168_100.jpg
Watermelon,151_100.jpg
Watermelon,237_100.jpg
Watermelon,269_100.jpg
Watermelon,296_100.jpg
Watermelon,r_169_100.jpg
Watermelon,r_55_100.jpg
Watermelon,r_74_100.jpg
Watermelon,r_171_100.jpg
Watermelon,r_172_100.jpg
Watermelon,r_173_100.jpg
Watermelon,r_174_100.jpg
Watermelon,r_175_100.jpg
Watermelon,r_176_100.jpg
Watermelon,r_178_100.jpg
Watermelon,r_180_100.jpg
Watermelon,r_181_100.jpg
Watermelon,r_183_100.jpg
Watermelon,r_47_100.jpg
Watermelon,r_48_100.jpg
Watermelon,r_49_100.jpg
Watermelon,r_51_100.jpg
Watermelon,r_52_100.jpg
Watermelon,r_53_100.jpg
Watermelon,r_54_100.jpg
Watermelon,r_56_100.jpg
Watermelon,r_58_100.jpg
Watermelon,r_59_100.jpg
Watermelon,r_60_100.jpg
Watermelon,r_61_100.jpg
Watermelon,r_62_100.jpg
Watermelon,r_63_100.jpg
Watermelon,r_64_100.jpg
Watermelon,r_65_100.jpg
Watermelon,r_66_100.jpg
Watermelon,r_67_100.jpg
Watermelon,r_68_100.jpg
Watermelon,r_69_100.jpg
Watermelon,r_70_100.jpg
Watermelon,r_71_100.jpg
Watermelon,r_72_100.jpg
Watermelon,r_73_100.jpg
Watermelon,r_75_100.jpg
Watermelon,r_76_100.jpg
Watermelon,r_77_100.jpg
Watermelon,r_78_100.jpg
Watermelon,r_79_100.jpg
Watermelon,r_80_100.jpg
Watermelon,r_82_100.jpg
Watermelon,r_83_100.jpg
Watermelon,r_84_100.jpg
Watermelon,r_85_100.jpg
Watermelon,r_86_100.jpg
Watermelon,r_87_100.jpg
Watermelon,r_88_100.jpg
Watermelon,r_89_100.jpg
Watermelon,r_90_100.jpg
Watermelon,r_91_100.jpg
Watermelon,r_92_100.jpg
Watermelon,r_93_100.jpg
Watermelon,r_94_100.jpg
Watermelon,r_95_100.jpg
Watermelon,r_96_100.jpg
Watermelon,r_97_100.jpg
Watermelon,r_98_100.jpg
Watermelon,r_99_100.jpg
